message_id,time,recipient,original_subject,reply_subject,reply_body,attachments,source,matched_keyword
<SVGOSFXOAQUPWZFYXUHKCFYHLUQI.MAILER-DAEMON@hw73-200.mailset.cn>,2026-04-02 10:47:38,mailer-daemon@hw73-200.mailset.cn,failure notice,Re: failure notice,"Thank you for your message. It appears this may have been sent in error, as our company specializes in artificial grass products. If you have any inquiries related to artificial grass, please let us know.

Best regards,
Chinee Artificial Grass
https://www.china-artificial-grass.com/",,api,
<SVGOSFXOAQUPWZFYXUHKCFYHLUQI.MAILER-DAEMON@hw73-200.mailset.cn>,2026-04-02 10:47:42,mailer-daemon@hw73-200.mailset.cn,failure notice,Re: failure notice,"Dear Customer,

Thank you for your message. It appears there may have been a delivery issue with your previous email. If you intended to inquire about our artificial grass products, please let us know how we can assist.

Best regards,
Chinee Artificial Grass
https://www.china-artificial-grass.com/",,api,
<SVGOSFXOAQUPWZFYXUHKCFYHLUQI.MAILER-DAEMON@hw73-200.mailset.cn>,2026-04-02 10:47:42,mailer-daemon@hw73-200.mailset.cn,failure notice,Re: failure notice,"Dear Customer,

Thank you for your message. It appears there may have been a delivery issue with our previous email. We specialize in artificial grass products and would be happy to assist if you have any related inquiries.

Best regards,
Chinee Artificial Grass
https://www.china-artificial-grass.com/",,api,
<SVGOSFXOAQUPWZFYXUHKCFYHLUQI.MAILER-DAEMON@hw73-200.mailset.cn>,2026-04-02 10:47:42,mailer-daemon@hw73-200.mailset.cn,failure notice,Re: failure notice,"Dear Customer,

Thank you for your message. It appears there may have been a delivery issue with your previous email. If you intended to inquire about our artificial grass products, please let us know how we can assist.

Best regards,
Chinee Artificial Grass
https://www.china-artificial-grass.com/",,api,
<MBPURMPGLQQOJFOGPCVLHAXAFDPB.MAILER-DAEMON@hw9-91.mailset.cn>,2026-04-02 10:47:42,mailer-daemon@hw9-91.mailset.cn,failure notice,Re: failure notice,"Dear Customer,

Thank you for your message. It appears there may have been a delivery issue or miscommunication, as our company specializes in artificial grass products, not Qualcomm Snapdragon components.

If you have any inquiries related to artificial turf, please let us know how we can assist.

Best regards,

Chinee Artificial Grass
https://www.china-artificial-grass.com/",,api,
<MBPURMPGLQQOJFOGPCVLHAXAFDPB.MAILER-DAEMON@hw9-91.mailset.cn>,2026-04-02 10:47:46,mailer-daemon@hw9-91.mailset.cn,failure notice,Re: failure notice,"Dear Customer,

Thank you for your message. It appears there may have been a delivery issue or misunderstanding, as our company, Chinee Artificial Grass, specializes in artificial turf products, not Qualcomm Snapdragon components.

If you are interested in artificial grass, please let us know your requirements, and we'll be happy to assist.

Best regards,

Chinee Artificial Grass
https://www.china-artificial-grass.com/",,api,
<MBPURMPGLQQOJFOGPCVLHAXAFDPB.MAILER-DAEMON@hw9-91.mailset.cn>,2026-04-02 10:47:46,mailer-daemon@hw9-91.mailset.cn,failure notice,Re: failure notice,"Dear Customer,

Thank you for your message. It appears there may have been a delivery issue or miscommunication, as our company specializes in artificial grass products, not Qualcomm Snapdragon components.

If you are interested in artificial turf for landscaping, sports, or decorative use, please let us know your requirements, and we'll be glad to assist.

Best regards,

Chinee Artificial Grass
https://www.china-artificial-grass.com/",,api,
<MBPURMPGLQQOJFOGPCVLHAXAFDPB.MAILER-DAEMON@hw9-91.mailset.cn>,2026-04-02 10:47:47,mailer-daemon@hw9-91.mailset.cn,failure notice,Re: failure notice,"Dear Customer,

Thank you for your message. It appears there may have been a delivery issue or misunderstanding, as our company specializes in artificial grass products, not Qualcomm Snapdragon components.

If you are interested in artificial grass, please let us know your requirements, and we will be happy to assist.

Best regards,

Chinee Artificial Grass
https://www.china-artificial-grass.com/",,api,
<GRFCAMORTSEGDQHWHQASFEFHWGLT.MAILER-DAEMON@hw0-197.mailset.cn>,2026-04-02 10:47:47,mailer-daemon@hw0-197.mailset.cn,failure notice,Re: failure notice,"Dear Customer,

Thank you for your message. It appears there may have been a misunderstanding, as our company, Chinee Artificial Grass, specializes in artificial grass products and does not handle Qualcomm Snapdragon items. If you have any inquiries related to artificial turf, please let us know.

Best regards,
Chinee Artificial Grass
https://www.china-artificial-grass.com/",,api,
<GRFCAMORTSEGDQHWHQASFEFHWGLT.MAILER-DAEMON@hw0-197.mailset.cn>,2026-04-02 10:47:51,mailer-daemon@hw0-197.mailset.cn,failure notice,Re: failure notice,"Dear Customer,

Thank you for your message. It appears there may have been a misunderstanding, as our company, Chinee Artificial Grass, specializes in artificial grass products and does not handle Qualcomm Snapdragon items. If you have any inquiries related to artificial turf, please let us know.

Best regards,
Chinee Artificial Grass
https://www.china-artificial-grass.com/",,api,
<GRFCAMORTSEGDQHWHQASFEFHWGLT.MAILER-DAEMON@hw0-197.mailset.cn>,2026-04-02 10:47:51,mailer-daemon@hw0-197.mailset.cn,failure notice,Re: failure notice,"Dear Customer,

Thank you for your message. It appears there may have been a misunderstanding, as our company, Chinee Artificial Grass, specializes in artificial grass products and does not handle Qualcomm Snapdragon items. If you have any inquiries related to artificial turf, please let us know.

Best regards,

Chinee Artificial Grass
https://www.china-artificial-grass.com/",,api,
<GRFCAMORTSEGDQHWHQASFEFHWGLT.MAILER-DAEMON@hw0-197.mailset.cn>,2026-04-02 10:47:51,mailer-daemon@hw0-197.mailset.cn,failure notice,Re: failure notice,"Dear Customer,

Thank you for your message. It appears there may have been a misunderstanding, as our company, Chinee Artificial Grass, specializes in artificial grass products and does not handle Qualcomm Snapdragon items. If you have any inquiries related to artificial turf, please let us know.

Best regards,

Chinee Artificial Grass
https://www.china-artificial-grass.com/",,api,
<AFMKJSFLHVBXVWJJGXBMXXGRFGCU.MAILER-DAEMON@hw105-89.mailset.cn>,2026-04-02 10:47:51,mailer-daemon@hw105-89.mailset.cn,failure notice,Re: failure notice,"Thank you for letting us know. We will check our email system and resend if needed. Please feel free to contact us if you require any product information.

Best regards,
Chinee Artificial Grass
https://www.china-artificial-grass.com/",,api,
<AFMKJSFLHVBXVWJJGXBMXXGRFGCU.MAILER-DAEMON@hw105-89.mailset.cn>,2026-04-02 10:47:56,mailer-daemon@hw105-89.mailset.cn,failure notice,Re: failure notice,"Thank you for your note. We will resend our previous email. Please let us know if you do not receive it or have any questions about our artificial grass products.

Best regards,
Chinee Artificial Grass
https://www.china-artificial-grass.com/",,api,
<AFMKJSFLHVBXVWJJGXBMXXGRFGCU.MAILER-DAEMON@hw105-89.mailset.cn>,2026-04-02 10:47:56,mailer-daemon@hw105-89.mailset.cn,failure notice,Re: failure notice,"Thank you for your note. We will resend our previous email. Please let us know if you do not receive it or have any questions about our artificial grass products.

Best regards,
Chinee Artificial Grass
https://www.china-artificial-grass.com/",,api,
<QWNURDPXSPPZKZBLTNNVMFNAZBYL.MAILER-DAEMON@hw105-89.mailset.cn>,2026-04-02 10:47:56,mailer-daemon@hw105-89.mailset.cn,failure notice,Re: failure notice,"Thank you for your message. We appreciate your notification and will ensure our communications are properly sent. Please let us know if you have any specific questions about our artificial grass products.

Best regards,
Chinee Artificial Grass
https://www.china-artificial-grass.com/",,api,
<AFMKJSFLHVBXVWJJGXBMXXGRFGCU.MAILER-DAEMON@hw105-89.mailset.cn>,2026-04-02 10:47:56,mailer-daemon@hw105-89.mailset.cn,failure notice,Re: failure notice,"Thank you for your note. We will resend our previous email. Please let us know if you do not receive it or have any questions about our artificial grass products.

Best regards,
Chinee Artificial Grass
https://www.china-artificial-grass.com/",,api,
<QWNURDPXSPPZKZBLTNNVMFNAZBYL.MAILER-DAEMON@hw105-89.mailset.cn>,2026-04-02 10:48:00,mailer-daemon@hw105-89.mailset.cn,failure notice,Re: failure notice,"Thank you for your message. We apologize for any inconvenience with the previous email. Please let us know if you have any specific questions about our artificial grass products or require assistance.

Best regards,
Chinee Artificial Grass
https://www.china-artificial-grass.com/",,api,
<FHGLWHIKGZHFXLUHOOOFRISSEGRH.MAILER-DAEMON@hw105-89.mailset.cn>,2026-04-02 10:48:00,mailer-daemon@hw105-89.mailset.cn,failure notice,Re: failure notice,"Thank you for your note. We apologize for any inconvenience caused by the email delivery issue. If you have any questions about our artificial grass products, please let us know.

Best regards,
Chinee Artificial Grass
https://www.china-artificial-grass.com/",,api,
<FHGLWHIKGZHFXLUHOOOFRISSEGRH.MAILER-DAEMON@hw105-89.mailset.cn>,2026-04-02 10:48:01,mailer-daemon@hw105-89.mailset.cn,failure notice,Re: failure notice,"Thank you for your note. We apologize for any inconvenience caused by the delivery issue. Please let us know if you have any questions about our artificial grass products, and we'll be happy to assist.

Best regards,
Chinee Artificial Grass
https://www.china-artificial-grass.com/",,api,
<QWNURDPXSPPZKZBLTNNVMFNAZBYL.MAILER-DAEMON@hw105-89.mailset.cn>,2026-04-02 10:48:02,mailer-daemon@hw105-89.mailset.cn,failure notice,Re: failure notice,"Dear Sir/Madam,

Thank you for your note. We will ensure our future communications are sent correctly.

Please let us know if you have any questions about our artificial grass products.

Best regards,

Chinee Artificial Grass
https://www.china-artificial-grass.com/",,api,
<UFAGXJPFIKLCTVRQKBRGSBGITRPL.MAILER-DAEMON@hw1-243.mailset.cn>,2026-04-02 10:48:05,mailer-daemon@hw1-243.mailset.cn,failure notice,Re: failure notice,"Thank you for your message. It appears this may have been sent in error, as it references a previous communication we did not initiate. If you intended to contact Chinee Artificial Grass regarding our products, please let us know how we can assist.

Best regards,
Chinee Artificial Grass
https://www.china-artificial-grass.com/",,api,
<UFAGXJPFIKLCTVRQKBRGSBGITRPL.MAILER-DAEMON@hw1-243.mailset.cn>,2026-04-02 10:48:05,mailer-daemon@hw1-243.mailset.cn,failure notice,Re: failure notice,"Thank you for your message. It appears there may have been a delivery issue with our previous email. Please let us know if you did not receive the case studies or if you have any further questions.

Best regards,
Chinee Artificial Grass
https://www.china-artificial-grass.com/",,api,
<FHGLWHIKGZHFXLUHOOOFRISSEGRH.MAILER-DAEMON@hw105-89.mailset.cn>,2026-04-02 10:48:06,mailer-daemon@hw105-89.mailset.cn,failure notice,Re: failure notice,"Thank you for the notification. We will check our email settings and try again. If you have any questions about our artificial grass products, please let us know.

Best regards,
Chinee Artificial Grass
https://www.china-artificial-grass.com/",,api,
<UFAGXJPFIKLCTVRQKBRGSBGITRPL.MAILER-DAEMON@hw1-243.mailset.cn>,2026-04-02 10:48:06,mailer-daemon@hw1-243.mailset.cn,failure notice,Re: failure notice,"Thank you for your message. It appears there may have been a delivery issue with our previous email. Please let us know if you did not receive the case studies or if you have any further questions.

Best regards,
Chinee Artificial Grass
https://www.china-artificial-grass.com/",,api,
<HXQKYKTXPDBXWLGGTRDNDIATOKJJ.MAILER-DAEMON@hw73-200.mailset.cn>,2026-04-02 10:48:09,mailer-daemon@hw73-200.mailset.cn,failure notice,Re: failure notice,"Thank you for your message. We are here to assist with any questions or requirements you may have regarding our artificial grass products. Please feel free to reach out.

Best regards,
Chinee Artificial Grass
https://www.china-artificial-grass.com/",,api,
<HXQKYKTXPDBXWLGGTRDNDIATOKJJ.MAILER-DAEMON@hw73-200.mailset.cn>,2026-04-02 10:48:09,mailer-daemon@hw73-200.mailset.cn,failure notice,Re: failure notice,"Thank you for your message. We will reach out if we have any specific inquiries or require assistance. Best regards, Chinee Artificial Grass - https://www.china-artificial-grass.com/",,api,
<HXQKYKTXPDBXWLGGTRDNDIATOKJJ.MAILER-DAEMON@hw73-200.mailset.cn>,2026-04-02 10:48:10,mailer-daemon@hw73-200.mailset.cn,failure notice,Re: failure notice,"Thank you for your message. We will reach out if we have any specific inquiries or require assistance. Best regards, Chinee Artificial Grass Team
https://www.china-artificial-grass.com/",,api,
<HXQKYKTXPDBXWLGGTRDNDIATOKJJ.MAILER-DAEMON@hw73-200.mailset.cn>,2026-04-02 10:48:12,mailer-daemon@hw73-200.mailset.cn,failure notice,Re: failure notice,"Thank you for your email. This appears to be a delivery failure notification for a previous message. Please let us know if you did not receive our earlier reply or if you have any specific questions about our artificial grass products.

Best regards,
Chinee Artificial Grass
https://www.china-artificial-grass.com/",,api,
<CCEJRGRWEYHGLETBTDFCKPYGFGSL.MAILER-DAEMON@hw138-13.mailset.cn>,2026-04-02 10:48:12,mailer-daemon@hw138-13.mailset.cn,failure notice,Re: failure notice,"Thank you for your message. We are here to assist with any specific inquiries or product details you may need. Please let us know how we can help.

Best regards,
Chinee Artificial Grass
https://www.china-artificial-grass.com/",,api,
<CCEJRGRWEYHGLETBTDFCKPYGFGSL.MAILER-DAEMON@hw138-13.mailset.cn>,2026-04-02 10:48:13,mailer-daemon@hw138-13.mailset.cn,failure notice,Re: failure notice,"Thank you for your message. We are here to assist with any specific inquiries or product information you may need. Please let us know how we can help.

Best regards,
Chinee Artificial Grass
https://www.china-artificial-grass.com/",,api,
<CCEJRGRWEYHGLETBTDFCKPYGFGSL.MAILER-DAEMON@hw138-13.mailset.cn>,2026-04-02 10:48:14,mailer-daemon@hw138-13.mailset.cn,failure notice,Re: failure notice,"Thank you for your message. We are here to assist with any specific product inquiries or information you may need. Please let us know how we can help.

Best regards,
Chinee Artificial Grass
https://www.china-artificial-grass.com/",,api,
<CCEJRGRWEYHGLETBTDFCKPYGFGSL.MAILER-DAEMON@hw138-13.mailset.cn>,2026-04-02 10:48:16,mailer-daemon@hw138-13.mailset.cn,failure notice,Re: failure notice,"Thank you for your message. We are here to assist with any specific inquiries or product details you may need. Please let us know how we can help.

Best regards,
Chinee Artificial Grass
https://www.china-artificial-grass.com/",,api,
1001251,<67a250ce.1757b9.19d4c2e3da2.Coremail.fuyuehong2024@163.com>,2026-04-02 11:41:49,fuyuehong2024@163.com,回复：Quick note on your ：landscapingartificial grassinstallationservices and artificial grass,Re: 回复：Quick note on your ：landscapingartificial grassinstallationservices and artificial grass,"Dear Ms. Fu,

Thank you for your email. Please find our latest product catalog attached for your review. It contains detailed information on our artificial grass specifications and applications.

Should you have any specific questions or require further details, please feel free to ask.

Best regards,
Chinee Artificial Grass
https://www.china-artificial-grass.com/",,api,
1001253,<47e123cb.17680f.19d4c4c552e.Coremail.fuyuehong2024@163.com>,2026-04-02 11:47:12,fuyuehong2024@163.com,回复：Quick note on your ：landscapingartificial grassinstallationservices and artificial grass,Re: 回复：Quick note on your ：landscapingartificial grassinstallationservices and artificial grass,"Dear Ms. Fu,

Thank you for your interest. I have attached our latest product catalog for your reference.

Please let me know if you have any specific questions.

Best regards,
Chinee Artificial Grass
https://www.china-artificial-grass.com/",,api,
1001255,<2bdc31c.17685a.19d4c511eaa.Coremail.fuyuehong2024@163.com>,2026-04-02 11:54:44,fuyuehong2024@163.com,回复：Quick note on your ：landscapingartificial grassinstallationservices and artificial grass,Re: 回复：Quick note on your ：landscapingartificial grassinstallationservices and artificial grass,"watering or pesticides, saves water and labor, stays green year-round, and stands heavy use. Natural grass needs constant care and is easily damaged.",,local_docx,Artificial grass needs no mowing
1001257,<153849da.1768cc.19d4c56fb15.Coremail.fuyuehong2024@163.com>,2026-04-02 11:58:05,fuyuehong2024@163.com,回复：Quick note on your ：landscapingartificial grassinstallationservices and artificial grass,Re: 回复：Quick note on your ：landscapingartificial grassinstallationservices and artificial grass,"watering or pesticides, saves water and labor, stays green year-round, and stands heavy use. Natural grass needs constant care and is easily damaged.",,local_docx,Artificial grass needs no mowing
1001264,<28e8b066.176e85.19d4cbf5169.Coremail.fuyuehong2024@163.com>,2026-04-02 13:51:55,fuyuehong2024@163.com,回复：Quick note on your ：landscapingartificial grassinstallationservices and artificial grass,Re: 回复：Quick note on your ：landscapingartificial grassinstallationservices and artificial grass,"watering or pesticides, saves water and labor, stays green year-round, and stands heavy use. Natural grass needs constant care and is easily damaged.",,local_docx,Artificial grass needs no mowing
1001266,<71b8f52.178644.19d4cc0ec74.Coremail.fuyuehong2024@163.com>,2026-04-02 13:53:51,fuyuehong2024@163.com,回复：Quick note on your ：landscapingartificial grassinstallationservices and artificial grass,Re: 回复：Quick note on your ：landscapingartificial grassinstallationservices and artificial grass,"watering or pesticides, saves water and labor, stays green year-round, and stands heavy use. Natural grass needs constant care and is easily damaged.",,local_docx,Artificial grass needs no mowing
1001268,<7610f4eb.177b4a.19d4cce6106.Coremail.fuyuehong2024@163.com>,2026-04-02 14:08:40,fuyuehong2024@163.com,回复：Quick note on your ：landscapingartificial grassinstallationservices and artificial grass,Re: 回复：Quick note on your ：landscapingartificial grassinstallationservices and artificial grass,"Dear 傅月虹,

Thank you for your request. We have attached our product catalog for your reference.
Please let us know if you have any specific requirements or questions.

Best regards,
Chinee Artificial Grass
https://www.china-artificial-grass.com/",,api,
1001270,<1519e4d8.177b9d.19d4cd1a4c0.Coremail.fuyuehong2024@163.com>,2026-04-02 14:12:06,fuyuehong2024@163.com,回复：Quick note on your ：landscapingartificial grassinstallationservices and artificial grass,Re: 回复：Quick note on your ：landscapingartificial grassinstallationservices and artificial grass,"Dear 傅月虹,

Our artificial grass is UV-stabilized to minimize fading from sun exposure. The exact fade resistance depends on the product grade and usage conditions. We can provide more specific technical details if you share your project requirements.

Best regards,
Chinee Artificial Grass
https://www.china-artificial-grass.com/",,api,
1001294,<72886f69.177e11.19d4ce86409.Coremail.fuyuehong2024@163.com>,2026-04-02 15:13:25,fuyuehong2024@163.com,回复：Quick note on your ：landscapingartificial grassinstallationservices and artificial grass,Re: 回复：Quick note on your ：landscapingartificial grassinstallationservices and artificial grass,"Dear 傅月虹,

Installation time depends on the project size and complexity. For a standard residential lawn, it typically takes 1–3 days. Larger or more complex projects may require additional time. If you have specific project details, we can provide a more accurate estimate.

Best regards,
Chinee Artificial Grass
https://www.china-artificial-grass.com/",,api,
1001299,<1865f56c.17834e.19d4d15998d.Coremail.fuyuehong2024@163.com>,2026-04-02 15:27:37,fuyuehong2024@163.com,回复：Quick note on your ：landscapingartificial grassinstallationservices and artificial grass,Re: 回复：Quick note on your ：landscapingartificial grassinstallationservices and artificial grass,"Dear 傅月虹,

For a typical residential garden (about 50–100 ㎡), installation takes 1–3 working days. Larger commercial or sports fields take 7–30 days depending on size and site conditions.

Best regards,
Chinee Artificial Grass
https://www.china-artificial-grass.com/",,local_docx,How long does installation take?
1001301,<7fe2b204.1783a7.19d4d184880.Coremail.fuyuehong2024@163.com>,2026-04-02 15:29:15,fuyuehong2024@163.com,回复：Quick note on your ：landscapingartificial grassinstallationservices and artificial grass,Re: 回复：Quick note on your ：landscapingartificial grassinstallationservices and artificial grass,"Dear 傅月虹,

Sure! You can download our full product catalogue directly from our official website here: https://www.china-artificial-grass.com/Catalogue Please feel free to reach out if you have any questions about the products listed.

Best regards,
Chinee Artificial Grass
https://www.china-artificial-grass.com/",,local_docx,I would like to request your product catalogue.
1001303,<597a9e81.1784a1.19d4d1f1cfb.Coremail.fuyuehong2024@163.com>,2026-04-02 15:36:48,fuyuehong2024@163.com,回复：Quick note on your ：landscapingartificial grassinstallationservices and artificial grass,Re: 回复：Quick note on your ：landscapingartificial grassinstallationservices and artificial grass,"Dear 傅月虹,

Sure! You can download our full product catalogue directly from our official website here: https://www.china-artificial-grass.com/Catalogue Please feel free to reach out if you have any questions about the products listed.

Best regards,
Chinee Artificial Grass
https://www.china-artificial-grass.com/",,local_docx,I would like to request your product catalogue.
1001305,<4acdb7fa.1785b2.19d4d27555e.Coremail.fuyuehong2024@163.com>,2026-04-02 15:45:52,fuyuehong2024@163.com,回复：Quick note on your ：landscapingartificial grassinstallationservices and artificial grass,Re: 回复：Quick note on your ：landscapingartificial grassinstallationservices and artificial grass,"Dear 傅月虹,

Sure! You can download our full product catalogue directly from our official website here: https://www.china-artificial-grass.com/Catalogue Please feel free to reach out if you have any questions about the products listed.

Best regards,
Chinee Artificial Grass
https://www.china-artificial-grass.com/",,local_docx,I would like to request your product catalogue.
1001307,<23779c14.178613.19d4d2ae7ec.Coremail.fuyuehong2024@163.com>,2026-04-02 15:51:42,fuyuehong2024@163.com,回复：Quick note on your ：landscapingartificial grassinstallationservices and artificial grass,Re: 回复：Quick note on your ：landscapingartificial grassinstallationservices and artificial grass,"Dear 傅月虹,

Thank you for your question. Our artificial turf is UV-resistant and designed to minimize fading from sun exposure. The exact durability depends on the product grade and usage conditions. For detailed specifications, please refer to our catalog or let us know if you need specific product information.

Best regards,
Chinee Artificial Grass
https://www.china-artificial-grass.com/",,api,
1001309,<599badec.1786bc.19d4d3016be.Coremail.fuyuehong2024@163.com>,2026-04-02 15:55:17,fuyuehong2024@163.com,回复：Quick note on your ：landscapingartificial grassinstallationservices and artificial grass,Re: 回复：Quick note on your ：landscapingartificial grassinstallationservices and artificial grass,"Dear 傅月虹,

Our artificial grass is designed with a permeable backing and small drainage holes to allow water to pass through easily. This helps prevent pooling and ensures efficient drainage during rain. If you'd like more technical details or product specifications, please let me know.

Best regards,
Chinee Artificial Grass
https://www.china-artificial-grass.com/",,api,
1001311,<556cafbb.17873b.19d4d335e86.Coremail.fuyuehong2024@163.com>,2026-04-02 15:58:43,fuyuehong2024@163.com,回复：Quick note on your ：landscapingartificial grassinstallationservices and artificial grass,Re: 回复：Quick note on your ：landscapingartificial grassinstallationservices and artificial grass,"Dear 傅月虹,

Thank you for your interest. We'd be happy to share more about our products and services.
Please let us know if you have any specific questions or requirements.

Best regards,
Chinee Artificial Grass
https://www.china-artificial-grass.com/",,api,
1001313,<4509550.1787a0.19d4d36c2ef.Coremail.fuyuehong2024@163.com>,2026-04-02 16:02:36,fuyuehong2024@163.com,回复：Quick note on your ：landscapingartificial grassinstallationservices and artificial grass,Re: 回复：Quick note on your ：landscapingartificial grassinstallationservices and artificial grass,"Dear 傅月虹,

Sure! You can download our full product catalogue directly from our official website here: https://www.china-artificial-grass.com/Catalogue Please feel free to reach out if you have any questions about the products listed.

Best regards,
Chinee Artificial Grass
https://www.china-artificial-grass.com/",,local_docx,I would like to request your product catalogue.
1001382,<793f1139.b11c.19d66e35a81.Coremail.fuyuehong2024@163.com>,2026-04-07 15:43:42,fuyuehong2024@163.com,回复：Quick note on your ：landscapingartificial grassinstallationservices and artificial grass,Re: 回复：Quick note on your ：landscapingartificial grassinstallationservices and artificial grass,"Dear 傅月虹,

Our artificial grass is designed with a permeable backing and small drainage holes, allowing rainwater to pass through easily. It can be installed over a gravel base for optimal drainage performance. If you'd like more technical details or installation guidelines, please let me know.

Best regards,
Chinee Artificial Grass
https://www.china-artificial-grass.com/",,api,
1001478,<DM6PR11MB4691BFDEA0EC2B9D2A5D01CCAE582@DM6PR11MB4691.namprd11.prod.outlook.com>,2026-04-13 09:30:47,cade@theturffactory.com,Re: Quick note on your artificial grass,Re: Quick note on your artificial grass,"Dear Cade,

Yes, we are a factory.

Best regards,
Chinee Artificial Grass
https://www.china-artificial-grass.com/",,local_docx,Do you guys manufacture ?
1001514,<DM6PR11MB469174916FCB0F5FDEB4511EAE242@DM6PR11MB4691.namprd11.prod.outlook.com>,2026-04-13 14:04:58,cade@theturffactory.com,Re: Quick note on your artificial grass,Re: Quick note on your artificial grass,"Dear Cade,

Yes, we produce our own yarn in-house. This allows us to maintain quality control and offer competitive pricing.
If you'd like more details or specifications, please let me know.

Best regards,
Chinee Artificial Grass
https://www.china-artificial-grass.com/",,api,
1001538,<34142cf8.1f433.19d85ff9d90.Coremail.fuyuehong2024@163.com>,2026-04-13 16:54:51,fuyuehong2024@163.com,回复：Quick note on your ：landscapingartificial grassinstallationservices and artificial grass,Re: 回复：Quick note on your ：landscapingartificial grassinstallationservices and artificial grass,"Dear 傅月虹,

Yes, we produce our own yarn for artificial grass. It is manufactured in-house to ensure quality control and consistency in our products.

Best regards,
Chinee Artificial Grass
https://china-artificial-grass.com/",,api,
1001540,<4e20862a.1f620.19d860fe4eb.Coremail.fuyuehong2024@163.com>,2026-04-13 17:22:52,fuyuehong2024@163.com,回复：Quick note on your ：landscapingartificial grassinstallationservices and artificial grass,Re: 回复：Quick note on your ：landscapingartificial grassinstallationservices and artificial grass,"Dear 傅月虹,

Yes, we are a manufacturer of artificial grass, producing our own yarn and finished products in-house to maintain quality and consistency.

Best regards,
Chinee Artificial Grass
https://china-artificial-grass.com/",,api,
1001542,<1d88abb1.1f8a1.19d86299baa.Coremail.fuyuehong2024@163.com>,2026-04-13 17:31:38,fuyuehong2024@163.com,回复：Quick note on your ：landscapingartificial grassinstallationservices and artificial grass,Re: 回复：Quick note on your ：landscapingartificial grassinstallationservices and artificial grass,"Dear 傅月虹,

Our artificial grass is designed with a permeable backing and small drainage holes to allow rainwater to pass through easily. This prevents water accumulation and ensures efficient drainage even during heavy rain.

Best regards,
Chinee Artificial Grass
https://china-artificial-grass.com/",,api,
1001544,<DM6PR11MB46910601B94DD81056592A7BAE242@DM6PR11MB4691.namprd11.prod.outlook.com>,2026-04-14 09:08:53,cade@theturffactory.com,Re: Quick note on your artificial grass,Re: Quick note on your artificial grass,"Dear Cade,

Thank you for your inquiry. We can provide pricing for 10,000 Denier Slit Film yarn and several thatch options for landscape use, shipped DDP to Dalton, GA. The quote is attached for your review.
Please let me know if you need any additional information.

Best regards,
Chinee Artificial Grass
https://china-artificial-grass.com/",,api,
1001695,<ZND4D55L72K_69e2f8e9d2f0e_b727dded4f4c0e_sprut@zendesk.com>,2026-04-20 08:39:23,311@portlandoregon.gov,"Re: Quick note on your artificial grass, artificial grass installation, and artificial grass supply","Re: Quick note on your artificial grass, artificial grass installation, and artificial grass supply","Dear Lisa (City of Portland),

Thank you for the update and for connecting us with the appropriate staff. We appreciate your assistance.

Best regards,
Chinee Artificial Grass
https://china-artificial-grass.com/",,api,
